name,releaseDate,copiesSold,price,revenue,avgPlaytime,reviewScore,publisherClass,publishers,developers,steamId,gameAgeDays,revenuePerCopy
WWE 2K24,2024-07-03,165301,99.99,8055097.0,42.36514031444467,71,AAA,2K,Visual Concepts,2315690,68,48.72987459241021
Empires of the Undergrowth,2024-07-06,408292,29.99,6950952.0,38.60212424802546,95,AA,"Hooded Horse,Slug Disco",Slug Disco,463530,65,17.024462884406258
ANIMAL WELL,2024-09-05,305891,24.99,6420393.0,8.485381327666017,96,Indie,Bigmode,Billy Basso,813230,4,20.989152998944068
Age of Mythology: Retold,2024-04-09,236419,29.99,6381185.0,9.389112456991116,91,AAA,Xbox Game Studios,"World's Edge,Forgotten Empires,Tantalus Media,CaptureAge,Virtuos Games",1934680,153,26.990999031380728
Winter Memories,2024-05-01,424281,19.99,5478333.0,8.98400541606548,0,Indie,Kagura Games,Dojin Otome,2495450,131,12.912039426700701
Pixel Gun 3D: PC Edition,2024-02-04,1626877,0.0,4707782.0,11.89782337701754,62,Indie,Cubic Games Studio,Cubic Games Studio,2524890,218,2.893754106794798
Backpack Battles,2024-08-03,499559,12.99,4663468.0,42.85143977627138,90,Indie,"PlayWithFurcifer,IndieArk",PlayWithFurcifer,2427700,37,9.33516961960449
"Little Kitty, Big City",2024-09-05,206880,24.99,4238137.0,4.143531272874482,95,Indie,Double Dagger Studio,Double Dagger Studio,1177980,4,20.48596771075019
Chrono Ark,2024-02-05,301197,24.99,4113334.0,37.2041660638596,91,Indie,Al Fine,Al Fine,1188930,217,13.656623405943618
Nova Drift,2024-12-08,445361,17.99,4047331.0,24.72868457429413,96,Indie,Pixeljam,Chimeric,858210,-90,9.087753530282175
Banishers: Ghosts of New Eden,2024-12-02,78137,49.99,3387809.0,22.31599204035413,87,AA,Focus Entertainment,DON'T NOD,1493640,-84,43.35729551940822
Buckshot Roulette,2024-04-04,1486957,2.99,3369649.0,2.995872787721658,95,Indie,CRITICAL REFLEX,Mike Klubnika,2835570,158,2.2661374874996385
Fields of Mistria,2024-05-08,265456,13.99,3342356.0,15.649349536238686,98,Indie,NPC Studio,NPC Studio,2142790,124,12.590998131517088
Five Nights at Freddy's: Into the Pit,2024-07-08,181334,19.99,3262379.0,5.095655826350983,96,Indie,Mega Cat Studios,Mega Cat Studios,2638370,63,17.990994518402506
Hookah Haze,2024-10-07,17717,17.99,263733.0,4.766068924187017,92,Indie,Aniplex Inc.,ACQUIRE Corp.,2470300,-28,14.885872326014562
Botany Manor,2024-09-04,12312,24.99,263004.0,3.329619728276769,96,Indie,Whitethorn Games,Balloon Studios,1425350,5,21.36159844054581
Revue Starlight El Dorado,2024-07-08,9499,29.99,256387.0,5.427033571710683,98,Indie,Bushiroad Inc.,Frontwing,2849960,63,26.99094641541215
The Brew Barons,2024-01-03,14325,21.99,256071.0,13.184460733075102,0,Indie,Lifetap Studios,Lifetap Studios,1636710,250,17.875811518324607
Great Houses of Calderia,2024-02-05,14675,24.99,253627.0,8.063675087275312,78,Indie,Firesquid,Resistance Games,1812910,217,17.282930153321978
King Arthur: Legion IX,2024-09-05,15238,19.99,252953.0,12.391322087258976,71,Indie,NeocoreGames,NeocoreGames,2739830,4,16.60014437590235
Turbo Golf Racing,2024-04-04,27537,9.99,240922.0,8.278991424104499,86,Indie,Hugecalf Studios,Hugecalf Studios,1324350,158,8.749028579729092
Idle Hero TD - Tower Defense,2024-03-05,13061,0.0,235863.0,189.0570113996993,79,Indie,Swell Games LLC,Swell Games LLC,2897580,188,18.05857131919455
Hairdresser Simulator,2024-06-03,14398,19.99,235724.0,7.94368062025551,49,Indie,Frozen Way,GameFormatic S.A.,1330560,98,16.37199611057091
Nevergrind Online,2024-11-07,27973,15.99,235479.0,43.736640716411806,89,Indie,Neverworks Games,Neverworks Games,853450,-59,8.418081721660172
Zoonomaly,2024-06-03,43112,5.99,232416.0,6.127524221454782,72,Indie,LIGHTS ARE OFF LLC,LIGHTS ARE OFF LLC,2101890,98,5.390981629244758
Hexguardian,2024-02-05,24896,11.99,227666.0,16.151996485734074,84,Indie,Yogscast Games,Split Second Games,2381740,217,9.144681876606684
Modern Pink Elf RPG,2024-02-02,24006,11.99,227642.0,3.399177167134526,88,Indie,"Remtairy,CursedAtelier",Warshop,2745710,220,9.482712655169541
Blockbuster Inc.,2024-06-06,10529,24.99,222603.0,7.775502852784427,53,Indie,Ancient Forge,Super Sly Fox,1793090,95,21.141893817076646
GUARDS!,2024-01-03,19148,14.99,222412.0,3.8115169276491287,73,Indie,WYLDERZONE,"WYLDERZONE,Lowkey GameDev",2514460,250,11.61541675370796
Path of Achra,2024-07-05,26939,9.99,218518.0,28.54435664963007,99,Indie,Slouching Beast LLC,Ulfsire,2128270,66,8.11158543375775
Sisters: Last Day of Summer,2024-03-06,10528,24.99,218069.0,2.863190329208691,84,Indie,JAST,Jellyfish,2781750,187,20.713240881458965
Angel at Dusk,2024-12-01,20643,14.99,217085.0,10.783586495954678,99,Indie,"Henteko Doujin,Sanuk Inc.",Akiragoya,1405500,-83,10.516155597539118
Sex Formula,2024-05-09,6030,39.99,217025.0,1.3852123208746496,77,Indie,MIGI STUDIO,MIGI STUDIO,2889660,123,35.99087893864013
Vae Victis - Khan,2024-01-03,16129,14.99,214566.0,10.44505482765064,83,Indie,Doorknob22,Doorknob22,2540230,250,13.303118606237213
Tour de France 2024,2024-06-06,5833,39.99,208625.0,20.921704466723124,72,AA,Nacon,Cyanide Studio,2494340,95,35.766329504543116
The Bathhouse | 地獄銭湯 Restored Edition,2024-09-08,28170,7.99,202570.0,2.4106187515297246,92,Indie,Chilla's Art,Chilla's Art,2989950,1,7.190983315583955
Shipwrecked 64,2024-01-01,26225,7.99,202048.0,7.407742826442237,96,Indie,Cogware Games,"Squeaks D'Corgeh,Cogware Games",2160220,252,7.704404194470925
Subterrain: Mines of Titan,2024-12-03,12552,19.99,200632.0,15.648462349326858,0,Indie,indie.io,Pixellore Inc,1573100,-85,15.984066284257489
Chill Pulse,2024-02-05,51928,4.99,199035.0,31.10197244558289,95,Indie,Catos Game,Catos Game,2826180,217,3.832903250654753
Rocksmith+,2024-06-06,35660,0.0,193594.0,3.87375145779168,11,AAA,Ubisoft,"Ubisoft San Francisco,Ubisoft Osaka,Ubisoft Bucharest,Ubisoft Pune",2834910,95,5.428883903533371
道衍诀,2024-08-05,19716,11.99,188260.0,8.306483637567908,66,Indie,宁德动游网络科技有限公司,宁德动游网络科技有限公司,1951220,35,9.5485899776831
Final Factory,2024-09-04,10896,18.99,186670.0,20.93961115219039,83,Indie,Never Games Limited,Never Games Limited,1383150,5,17.13197503671072
Yellow Taxi Goes Vroom,2024-09-04,13798,16.99,184444.0,6.573973275788298,99,Indie,"Xelu,Those Awesome Guys",Panik Arcade,2011780,5,13.3674445571822
WitchHand,2024-07-02,18046,11.99,182797.0,11.343093374261317,0,Indie,HopFrog,Jon Nielsen,2420880,69,10.129502382799512
Zoria: Age of Shattering,2024-07-03,9307,24.99,180957.0,17.806999014427912,80,Indie,"Anshar Publishing,Surefire.Games",Tiny Trinket Games,1159090,68,19.443107338562374
Having a HARD Time,2024-12-02,16580,12.99,180236.0,5.873573137485592,96,Indie,Quadruple-Q,Quadruple-Q,2420460,-84,10.870687575392038
Computer Repair Shop,2024-12-01,22799,9.99,179631.0,4.467348573895426,0,Indie,Cheesecake Dev,Cheesecake Dev,2479290,-83,7.878898197289355
KeepUp Survival,2024-05-03,23894,8.99,179352.0,8.238716732494117,68,Indie,Witte Studio,Witte Studio,1524630,129,7.506152172093413
Kukoro: Stream chat games,2024-02-02,61373,5.99,175228.0,17.006639023780735,98,Indie,HeyNau,HeyNau,1166990,220,2.855131735453701
Backrooms Rec.,2024-06-03,20159,9.99,175194.0,1.9294587589570893,72,Indie,Liminal Logic,Liminal Logic,2275020,98,8.69060965325661
Fleshlight Squad - Fleshlightize -,2024-12-01,14773,14.99,174069.0,2.14888170402484,83,Indie,072 Project,ちゃおいずむ,2588590,-83,11.782914776957965
Fork Road,2024-11-06,48467,3.99,173665.0,0.7547324928427664,0,Indie,Simon Au Yeung,Simon Au Yeung,2976400,-58,3.5831596756556006
Broken Roads,2024-10-04,6136,34.99,173273.0,6.840685757062152,51,Indie,"Versus Evil,tinyBuild",Drop Bear Bytes,1403440,-25,28.23875488917862
REVEIL,2024-06-03,10936,19.99,172222.0,5.162763610356412,92,AA,Daedalic Entertainment,Pixelsplit,809060,98,15.748171177761522
KitHack Model Club,2024-01-08,11862,19.99,171463.0,16.004801494161363,89,Indie,"Floating Origin Interactive,Curve Games",Floating Origin Interactive,2107090,245,14.454813690777272
Field of Glory: Kingdoms,2024-04-06,4836,39.99,169077.0,29.630237681613337,82,AA,Slitherine Ltd.,AGEOD,1985050,156,34.962158808933005
The Grey Dream,2024-09-01,15783,12.99,165452.0,4.845216579075951,82,Indie,The Greys,The Greys,2497930,8,10.482924665779636
Quilts and Cats of Calico,2024-05-03,10536,19.99,165375.0,12.60609181612462,96,Indie,"Monster Couch,Flatout Games",Monster Couch,1993180,129,15.69618451025057
Himegashima Island,2024-02-08,14305,14.99,163296.0,6.4025414038367305,75,Indie,Kagura Games,Fushidaratei,2991400,214,11.41530933240126
Heading Out,2024-07-05,9835,19.99,159911.0,4.301057192445973,81,Indie,Saber Interactive,Serious Sim,1640630,66,16.259379766141333
The Game of Sisyphus,2024-11-04,28586,6.99,158283.0,5.66407476855285,81,Indie,cream,cream,2904890,-56,5.537081088644791
"Warhammer 40,000: Speed Freeks",2024-06-08,102865,0.0,158090.0,5.651413836213646,0,Indie,PLAION,Caged Element Inc.,2078450,93,1.5368687114178778
Moose Miners,2024-10-05,20363,9.99,157701.0,30.35383039123571,69,Indie,Lingon Studios,Lingon Studios,2591410,-26,7.744487550950253
The Inquisitor,2024-08-02,4482,39.99,157178.0,5.87829712643099,70,AA,Kalypso Media,The Dust S.A.,1880470,38,35.06871932173137
Spy Alliance,2024-08-08,93601,1.99,153860.0,0.9404285900243136,70,Indie,ALT Lab,ALT Lab,2757350,32,1.6437858569887074
Summer's Gone - Season 1,2024-10-05,11819,14.99,153346.0,12.394389248708071,96,Indie,OceanAVN,OceanAVN,2240150,-26,12.974532532363144
Winter Survival,2024-06-03,8694,18.99,151064.0,8.359128282051328,0,Indie,"DRAGO entertainment,HeartBeat Games",DRAGO entertainment,1394960,98,17.375661375661377
Project Demigod,2024-01-02,9426,19.99,148767.0,7.734520511375408,82,Indie,Fast Travel Games,Omnifarious Studios LLC,1646580,251,15.782622533418206
MWNeus,2024-12-08,17079,10.99,146188.0,1.5783624783835415,85,Indie,CLLGames,CLLGames,2701210,-90,8.559517536155512
Shop Legends,2024-03-02,4881,0.0,145540.0,96.4889328536079,51,Indie,Cloudcade,Cloudcade,982300,191,29.817660315509116
Laughing to Die,2024-10-04,48759,4.99,145336.0,1.664247236383009,0,AA,Gamera Games,大吉利制作组,2182400,-25,2.980700998789967
Center Station Simulator,2024-05-04,9795,18.35,144011.0,37.60065180814037,90,Indie,Nightmare Phoenix,Nightmare Phoenix,2823890,128,14.702501276161307
BORE BLASTERS,2024-08-03,19335,9.99,142092.0,7.815683895628099,84,Indie,8BitSkull,8BitSkull,2398170,37,7.348952676493406
Pool Cleaning Simulator,2024-05-06,14585,15.99,141787.0,5.968698775476018,70,Indie,"FreeMind S.A.,PlayWay S.A.","Rubens Games,FreeMind S.A.",2165620,126,9.72142612272883
From Glory To Goo,2024-02-04,15469,11.99,140951.0,16.68310705082089,92,Indie,Stratagem Blue,Stratagem Blue,2607060,218,9.111836576378563
1 to 1 humanoid edible toys,2024-07-08,21002,7.99,140013.0,2.4110427035103563,95,Indie,无,"汉谟拉比炒面,我的屁是香哒",2976720,63,6.666650795162366
ASTRAL TALE-星界神話,2024-07-01,43217,0.0,138164.27473883974,104.18254808777462,39,Indie,"X-Legend Entertainment Co., Ltd.","X-Legend Entertainment Co., Ltd.",2591210,70,3.1969890260508538
Ark of Charon,2024-08-07,7322,21.99,138039.0,15.685483626994415,83,Indie,SUNSOFT,"Angoo Inc.,SUNSOFT",2827810,33,18.852635891832833
And the Hero Was Never Seen Again,2024-10-02,11972,14.99,137489.0,7.030944723548148,90,Indie,Kagura Games,Circle Poison,2582660,-23,11.484213164049448
United Penguin Kingdom,2024-09-03,12818,14.99,137453.0,9.254702087867598,79,Indie,"GrabTheGames,UpgradePoint",Turquoise Revival Games,2635350,6,10.72343579341551
A Twisted Path to Renown,2024-06-06,5416,29.99,135445.0,32.539100142740494,54,Indie,Game-Labs,Game-Labs,2304660,95,25.00830871491876
clickyland,2024-03-06,30891,4.99,134579.0,3.507301277365972,84,Indie,Sokpop Collective,Sokpop Collective,2751050,187,4.356576349098443
BIOMORPH,2024-05-04,8327,19.99,134478.0,10.81047014652968,94,Indie,Lucid Dreams Studio,Lucid Dreams Studio,1430220,128,16.149633721628437
KONOSUBA - God's Blessing on this Wonderful World! Love For These Clothes Of Desire!,2024-07-02,3261,49.99,133582.0,11.676291704663813,90,Indie,PQube,MAGES. Inc.,2349140,69,40.963508126341615
Mirror of Heaven,2024-01-06,18183,9.25,131680.0,16.510882014762892,81,Indie,Leyo Games,EnjoyPlay Ltd,2180340,247,7.241929274597151
Churn Vector,2024-11-01,11565,14.99,130913.0,11.39826729620468,91,Indie,Naelstrof,"Naelstrof,Eugene,Archival",2686900,-53,11.319757890185906
Chornobyl Liquidators,2024-06-06,8056,19.99,129800.0,3.827632608126103,43,Indie,Frozen Way,Live Motion Games,1113010,95,16.112214498510426
Potions: A Curious Tale,2024-07-03,7522,19.99,127676.0,4.2824884665923,91,Indie,Stumbling Cat,Stumbling Cat,378690,68,16.973677213507045
Happy Sheepies,2024-08-07,12053,12.99,126481.0,4.561630918417058,82,Indie,Berker Games,Berker Games,2860450,33,10.493735999336264
Kitchen Crisis,2024-02-04,9362,14.99,126302.0,13.785406431198403,76,Indie,Team Samoyed,Team Samoyed,2118250,218,13.490920743430891
Ratten Reich,2024-09-08,8439,19.99,124545.0,1.4585582074543249,0,Indie,Crytivo,METALLADLERSTUDIO,1717250,1,14.758265197298257
Dungeon Keeper™ 2,2024-07-03,58372,4.99,124273.0,10.70984715281564,96,AAA,Electronic Arts,Bullfrog Productions,2616460,68,2.1289830740766122
Kitsune Tails,2024-01-08,7489,19.99,124094.0,3.06825394518638,99,Indie,"Kitsune Games,MidBoss, LLC.",Kitsune Games,1325260,245,16.57016958205368
云岚九歌,2024-01-02,8734,0.0,120624.0,53.76316775277071,83,Indie,云岚九歌,云岚九歌,2685430,251,13.810854133272269
ServiceIT: You can do IT,2024-04-03,11704,12.99,119970.0,3.2941349420416337,75,Indie,"FreeMind S.A.,PlayWay S.A.",picture4u,2194730,159,10.250341763499659
Heroes Wanted,2024-11-06,12366,19.99,119956.0,22.056278066296468,85,Indie,Gameplete,Gameplete,2667410,-58,9.700469027979945
The Crush House,2024-09-08,8491,16.99,119615.0,4.720167640168312,76,AA,Devolver Digital,Nerial,2337820,1,14.087268872924273
黄毛漂流记,2024-05-02,84506,1.99,117047.0,2.9681194503239188,0,Indie,BalloonsGame,BalloonsGame,2535770,130,1.3850732492367406
Diabotical Rogue,2024-04-06,8314,19.99,116875.0,12.374667067893927,79,Indie,GD Studio Inc,GD Studio Inc,2805060,156,14.057613663699783
The Devil Within: Satgat,2024-09-04,7093,19.99,116681.0,5.86608812156575,0,Indie,"Newcore Games,Astrolabe Games",Newcore Games,1802880,5,16.45016213167912
Supernormal,2024-08-01,16944,7.99,115876.0,1.644515685236371,69,Indie,Hitori de Productions,Hitori de Productions,2532430,39,6.83876298394712
Pathfinder: Gallowspire Survivors,2024-04-04,23803,6.99,114460.0,6.935692979085918,64,Indie,BKOM Studios,BKOM Studios,2388460,158,4.808637566693274
Horticular,2024-11-07,7084,19.99,114045.0,8.426789375719885,95,Indie,Slug Disco,inDirection Games,1928540,-59,16.098955392433652
Tales of Spark,2024-04-02,12900,13.99,113195.0,14.51652826490311,85,Indie,Ice and Fire Isle Studio,Ice and Fire Isle Studio,2165390,160,8.774806201550387
Fatal Countdown - immoral List of Desires,2024-09-04,12388,10.99,113186.0,1.786202605335042,83,Indie,"Playmeow,ACG creator",Secret Garden,1987980,5,9.136745237326444
Stellar Settlers: Space Base Builder,2024-11-03,12644,11.99,112737.0,2.8593045181380656,88,Indie,"Rogue Duck Interactive,Gamersky Games",Tinymice Entertainment,2628570,-55,8.916244859221765
SimCity™ 3000 Unlimited,2024-07-03,47101,4.99,112651.0,7.697533717458039,86,AAA,Electronic Arts,Maxis,2741560,68,2.391690197660347
Seifuku Kanojo,2024-02-04,5488,29.99,111658.0,9.261170262539688,83,Indie,HIKARI PULSE,Entergram,2673490,218,20.34584548104956
Throne of Bone,2024-08-04,7755,16.99,110885.0,12.912109890722832,92,Indie,Windmill Slam,Windmill Slam,1866630,36,14.298517085751127
Dragon Is Dead,2024-07-06,6489,19.99,109973.0,8.952984705381535,77,Indie,"PM Studios, inc.",TeamSuneat,2803280,65,16.947603636924025
Rogue Voltage,2024-10-05,8150,15.99,108249.0,8.035693626041311,93,Indie,"Horizont Computergrafik,IndieArk",Horizont Computergrafik,1494560,-26,13.282085889570553
The Braves,2024-03-05,35671,0.0,107932.0,37.56037743623871,65,Indie,101XP,101XP GAME STUDIOS,2479830,188,3.0257632250287347
The Political Machine 2024,2024-02-05,5997,19.99,107442.0,9.375262746564824,71,Indie,Stardock Entertainment,Stardock Entertainment,2512090,217,17.915957978989496
Of Life and Land,2024-02-04,5200,24.99,106071.0,8.470716159988035,93,Indie,"Kerzoven,Metaroot",Kerzoven,1733110,218,20.39826923076923
Aero GPX,2024-06-08,6739,19.99,105983.0,4.249184101788392,99,Indie,Aaron McDevitt,Aaron McDevitt,2160360,93,15.726814067369046
Trinity Survivors,2024-02-05,13772,9.99,105834.0,6.141025061148281,78,Indie,"Flyway Games, Inc.","Flyway Games, Inc.",2686580,217,7.684722625617194
Deadrock Redemption,2024-04-04,8414,14.99,103914.0,1.9315781914925247,67,Indie,Entropy Digital Entertainment,Entropy Digital Entertainment,2753270,158,12.350130734490136
Dustland Delivery,2024-11-07,16038,7.99,103498.0,16.13021138305583,93,Indie,Farlight Games,Neutron Star Studio,2943280,-59,6.453298416261379
Mashiroiro Symphony HD -Love is Pure White-,2024-01-05,4565,39.99,103113.0,16.50014475843828,85,Indie,Shiravune,Palette,2737970,248,22.58773274917853
Princess Maker 2 Regeneration,2024-10-07,3127,39.99,103057.0,5.284493425227376,62,Indie,Bliss Brain,"Bliss Brain,Monkey Craft",2311530,-28,32.957147425647584
Beneath the Mountain,2024-05-03,5490,24.99,102217.0,10.58303889083662,67,Indie,Gameclaw Studio,Omnis Rector Studios,1728840,129,18.618761384335155
The Great Rebellion,2024-01-02,6274,19.99,101324.0,3.919736996924976,99,Indie,AIP,Kvltgames,2732820,251,16.149824673254702
Turbo Kid,2024-09-04,6185,19.99,101051.0,9.214640817798797,96,Indie,Outerminds Inc.,Outerminds Inc.,1733250,5,16.33807599029911
Fallen Young Wife~Netorare H without telling her husband~,2024-03-05,10217,11.99,99794.0,0.9473265220608578,75,Indie,072 Project,瀧壺チャンネル,2717310,188,9.767446412841343
Underspace,2024-10-04,6301,19.99,99105.0,16.03857155052236,83,Indie,Camlann Games,Pastaspace Interactive,1111930,-25,15.728455800666561
Humans are not that against Lizardwomen,2024-06-04,52018,3.99,98977.0,2.73542716292518,94,Indie,Horny Capybara Studio,Hue Axis Entertainment,2715650,97,1.902745203583375
ALTF42,2024-04-06,25211,7.99,98378.0,4.830693338953039,75,Indie,GRAVITY,PUMPKIM,2187230,156,3.902185553924874
Dishwashing Simulator,2024-03-04,12031,9.99,94839.0,4.485264365334047,90,Indie,Frinky,"Frinky,Frosty",2747780,189,7.882885878148118
Roundscape Adorevia,2024-02-08,6901,15.99,94711.0,9.85695666419018,80,Indie,Arvus Games,Arvus Games,2986400,214,13.724242863353137
Sumerian Six,2024-02-09,3437,29.99,92768.0,5.230193368366318,96,AA,Devolver Digital,Artificer,1429850,213,26.990980506255454
Cybernetic Seduction - Season 1,2024-03-05,8497,12.99,92662.0,6.853151087871319,90,Indie,1Thousand,1Thousand,2724540,188,10.905260680240085
Unveiling the Unknown,2024-07-05,6254,17.99,91150.0,8.885718977731928,90,Indie,TwistedScarlett60,TwistedScarlett60,2960590,66,14.574672209785737
Legendary Hoplite,2024-02-02,7587,14.99,90751.0,10.566538403468464,70,Indie,Ravenage Games,TripleBricksGames,1479810,220,11.961381310135758
Roots of Yggdrasil,2024-06-09,9225,12.99,90157.0,6.853841751565168,92,Indie,"ManaVoid Entertainment,Indie Asylum",ManaVoid Entertainment,2071430,92,9.773116531165313
Creatures of Ava,2024-07-08,4284,24.99,88683.0,5.758266728274435,93,AA,11 bit studios,Inverge Studios,2304440,63,20.70098039215686
Archaelund,2024-08-01,4922,19.99,88551.0,18.604325863989,87,Indie,4 Dimension Games,4 Dimension Games,1082970,39,17.990857375050794
Vampire: The Masquerade - Justice,2024-06-02,4111,29.99,87251.0,2.884838067963121,68,Indie,Fast Travel Games,Fast Travel Games,2431700,99,21.223789832157625
The Mobius Machine,2024-01-03,4524,24.99,87128.0,10.283281637117136,83,Indie,Madruga Works,Madruga Works,2281940,250,19.259062776304155
Monuments Renovator,2024-08-03,9313,14.99,87084.0,6.637463072879075,74,Indie,"Games Incubator,PlayWay S.A.","Monuments Games,Games Incubator",1257280,37,9.350799957049286
Duelists of Eden,2024-07-03,19473,4.99,86829.0,8.882961916395775,97,Indie,Thomas Moon Kang,Thomas Moon Kang,1664200,68,4.458943152056694
Kingdom of Atham: Crown of the Champions,2024-12-01,6744,13.99,86608.0,44.76252961271749,80,Indie,Sofa Mauve Studio Inc.,Sofa Mauve Studio Inc.,1676380,-83,12.842230130486358
Super Dark Deception,2024-12-07,5783,17.99,86169.0,6.475525689015737,67,Indie,Glowstick Entertainment,Glowstick Entertainment,2193720,-89,14.900397717447692
Mini Settlers,2024-08-08,10001,9.99,84846.0,7.611946295559626,95,Indie,"Goblinz Publishing,IndieArk",Knight Owl Games,2521630,32,8.483751624837517
SEX Campus🔞,2024-02-03,13345,9.99,84104.0,1.400893717921749,70,Indie,Romantic Room,Romantic Room,2833810,219,6.302285500187336
Mortal Glory 2,2024-04-03,9779,11.99,83727.0,11.982830998870288,89,Indie,Redbeak Games,Redbeak Games,2216660,159,8.561918396564066
Let's take a bath with Purin 2,2024-11-07,6829,17.99,79862.0,1.285001362466089,79,Indie,Parabolica Games,Parabolica Games,2973500,-59,11.694537999707132
Step-Sister's Pussy 🔞,2024-04-05,11885,9.99,79636.0,1.359626699786155,66,Indie,Lust Desires 🖤,Lust Desires 🖤,2889280,157,6.700546907867059
DEVIATOR,2024-01-08,13896,6.99,79632.0,4.154207295492834,72,AA,SapStaR Games,Gami Studio,2620730,245,5.730569948186528
Berserk Boy,2024-06-03,5193,20.0,79600.0,4.544247462000582,94,Indie,BerserkBoy Games,BerserkBoy Games,1561340,98,15.328326593491239
Little Lives,2024-08-03,8703,12.99,78886.0,9.53390087677779,85,Indie,Houndstooth Games,Houndstooth Games,1505560,37,9.064230725037344
World War Armies,2024-02-05,16595,0.0,76971.0,21.36603364534045,55,Indie,"Hypemasters, Inc.","Hypemasters, Inc.",2438160,217,4.638204278397107
Feather Party,2024-03-05,17907,4.99,76256.0,2.578855667114769,90,Indie,Teneke Kafalar Spotlight,threeW,2300230,188,4.258446417602055
Family Breeding,2024-04-05,9451,9.99,75575.0,2.2619202418359845,81,Indie,Whiteleaf Studio,Whiteleaf Studio,2853840,157,7.996508305999365
Retail Company Simulator,2024-06-08,7846,11.99,74807.0,14.429833855747482,95,Indie,Business Tycoon,Business Tycoon,3089130,93,9.534412439459597
MADiSON VR,2024-02-05,2659,34.99,74572.0,3.281796387051666,80,Indie,BLOODIOUS GAMES,BLOODIOUS GAMES,2414550,217,28.045129748025573
Cartel Simulator,2024-06-01,8484,10.99,73464.0,6.277972444255539,69,Indie,ITK,ITK,2536490,100,8.65912305516266
My Demonic Romance,2024-01-05,4332,19.99,73449.0,3.198792096558785,80,Indie,Andrealphus Games,Andrealphus Games,2370140,248,16.95498614958449
Bewitching Sinners,2024-02-05,4546,17.99,73029.0,10.358212773282307,98,Indie,Miss Xero,Miss Xero,2615670,217,16.064452265728114
Forgotten Seas,2024-07-06,3482,24.99,72549.0,23.006322622831195,83,Indie,indie.io,Pangea Game Studios,2168260,65,20.83543940264216
Twilight Survivors,2024-01-04,29195,2.99,72149.0,10.15643345075452,89,Indie,DORIDORI STUDIO,DORIDORI STUDIO,2788310,249,2.4712793286521664
Project Unknown,2024-12-07,8767,9.99,71342.0,2.970398153906548,89,Indie,Nightmare Studios,PsychoRavens,2115390,-89,8.137561309455915
Xiangsheng Simulator,2024-04-02,50829,2.99,71247.0,2.025891516718508,77,Indie,Wave Ecstacy,Wave Ecstacy,2734310,160,1.4016998170335833
Train Valley World,2024-09-08,4824,19.99,70779.0,7.712589160171384,72,AA,tinyBuild,Flazm,2244470,1,14.67226368159204
Ereban: Shadow Legacy,2024-10-04,3596,24.99,70723.0,6.029381243393642,89,Indie,Baby Robot Games,Baby Robot Games,1671360,-25,19.667130144605117
MACHI KORO With Everyone,2024-04-07,3439,24.99,70380.0,4.566587558857733,60,Indie,Grounding Inc.,Grounding Inc.,1969860,155,20.465251526606572
Handsome Me with 100 Girlfriends!,2024-11-04,8623,9.99,70215.0,2.3062527099058565,57,Indie,Day Day Up！,philosophy♂,2761510,-56,8.142757740925433
Genome Guardian,2024-07-05,9474,11.99,69687.0,16.541265837868423,95,Indie,Alpherior,Alpherior,2891310,66,7.355604813172894
X Invader,2024-12-08,18675,4.99,69616.0,9.398892187788531,80,Indie,ALLAF GAMES,ALLAF GAMES,2090760,-90,3.727764390896921
Doom Sweeper,2024-08-06,20562,4.99,69495.0,11.423323279224366,77,Indie,Paper Dog,Paper Dog,2162680,34,3.3797782316895244
Dungeon Vixens: A Tale of Temptation,2024-08-04,13651,5.99,68967.0,1.844034003991569,78,Indie,Shady Corner Games,Dualarcade,2710970,36,5.052157351109809
I Wanna Fuck my Mom's Best Friend,2024-09-08,6151,14.99,68584.0,1.3084968640711163,74,Indie,Cherry Kiss Games,Orcsoft,3067200,1,11.150056901316859
Fog of War: Book One,2024-09-06,7273,11.99,67732.0,4.063814895352941,84,Indie,Story Machine Studios,Story Machine Studios,2676180,3,9.312800769971126
HEARTSHOT,2024-03-03,5258,14.99,67643.0,1.2470111412929836,71,Indie,Meadow Studios,Meadow Studios,2702700,190,12.864777481932293
Imperial Lovers,2024-07-06,6059,14.99,66935.0,3.663082169554396,86,Indie,Pink Pixel Games,LAPLACE,2821040,65,11.047202508664796
Time Treker,2024-09-07,11364,6.99,66300.0,5.857565393934813,78,Indie,"Leyo Games,2P Games",Fuse Game,2776500,2,5.834213305174234
CYGNI: All Guns Blazing,2024-05-08,2604,29.99,66026.0,4.2482896928941605,62,AA,KONAMI,KeelWorks,1248080,124,25.355606758832565
Rebel Transmute,2024-11-03,4028,19.99,65739.0,8.735269357373568,79,Indie,JanduSoft,Evan Tor Games,1191660,-55,16.320506454816286
Monsters Domain,2024-05-04,5032,19.99,65271.0,4.161012638797963,44,Indie,"G-DEVS.com,CreativeForge Games",G-DEVS.com,1442450,128,12.97118441971383
Growtopia,2024-07-03,37131,0.0,65173.0,7.361271608839274,31,AAA,Ubisoft,Ubisoft Abu Dhabi,866020,68,1.7552180119038001
月藍傳奇REMAKE古文明之謎,2024-11-02,2607,19.99,65028.0,40.43827237929116,96,Indie,RMAsia,"天使蛋糕,攸藍,牙籤,黃金,咕咕咕,鎧特",2391680,-54,24.94361334867664
CUM Queens 🔞💦,2024-10-02,10518,9.99,64931.0,1.5889476459175789,67,Indie,BanzaiProject,BanzaiProject,2711320,-23,6.173321924320213
Mothers and Daughters,2024-02-01,7578,9.99,64494.0,4.364727003460155,67,Indie,Spin256,Spin256,2508400,221,8.510688836104514
Zero Division,2024-11-07,6099,12.99,64472.0,7.677055210096512,88,Indie,Astrolabe Games,Robot Cat Limited,2181950,-59,10.570913264469585
Preserve,2024-08-08,6779,12.49,64320.0,5.1397419833615166,95,Indie,Grindstone,Bitmap Galaxy,2109270,32,9.488125092196489
Der Königsruf,2024-05-05,710,0.0,63264.0,26.27006411419708,57,Indie,Starlight Games,Starlight Games,2916840,127,89.10422535211268
Exotica: Petshop Simulator,2024-06-02,10381,12.99,63223.0,9.639862476774535,84,Indie,Konrul Game,Konrul Game,2138580,99,6.090261053848377
Kamaeru: A Frog Refuge,2024-08-06,3805,19.99,62891.0,5.384590955417545,88,Indie,Armor Games Studios,Humble Reeds,1978150,34,16.52851511169514
Frogmonster,2024-02-04,3920,19.99,62346.0,7.469643702002446,0,Indie,Ben Jungwirth,Ben Jungwirth,1853760,218,15.904591836734694
Bloody Heaven 2,2024-11-05,15453,4.99,62317.0,2.607953214827291,87,Indie,ShaneGame,ShaneGame,2816940,-57,4.032679738562091
失乐星图Nornium,2024-09-08,67552,0.0,60846.0,2.1780584672619385,15,Indie,Flaring Cloister,Flaring Cloister,2877160,1,0.9007283278067266
STEPMOM: Milf Scandal 💖,2024-06-04,8747,9.99,60707.0,1.6881789681934547,74,Indie,Lust Desires 🖤,Lust Desires 🖤,2879480,97,6.940322396250143
Dragon Island,2024-11-03,4540,15.99,60119.0,5.27832271072752,49,Indie,Kulplant,Kulplant,1554470,-55,13.242070484581498
Victory at Sea Atlantic - World War II Naval Warfare,2024-05-04,1822,39.99,59473.0,6.743969006148069,65,Indie,Evil Twin Artworks,Evil Twin Artworks,1674830,128,32.64160263446762
King of the Bridge,2024-08-03,21749,2.99,59016.0,2.2387116478207623,96,Indie,Finn Schuuring,Finn Schuuring,2523120,37,2.713504069152605
Inkbound,2024-09-04,156820,29.99,3139302.0,29.459680253104807,91,Indie,Shiny Shoe,Shiny Shoe,1062810,5,20.018505292692257
Sky: Children of the Light,2024-10-04,529290,0.0,3087626.0,30.47269156154372,84,Indie,thatgamecompany,thatgamecompany,2325290,-25,5.833524155000094
古龙风云录,2024-01-02,158807,29.99,3080764.0,21.370174186118447,60,Indie,心火游戏,香港商河洛互動娛樂股份有限公司,2340650,251,19.399421939838923
HELLCARD,2024-01-02,208084,24.99,3008517.0,15.293875870297132,85,Indie,"Skystone Games,Surefire.Games",Thing Trunk,1201540,251,14.458185155994695
Legendary Tales,2024-08-02,88603,54.99,2934588.0,7.76449813405446,79,Indie,Urban Wolf Games Inc.,Urban Wolf Games Inc.,1465070,38,33.12063925600713
Rabbit and Steel,2024-09-05,213267,14.99,2771018.0,14.014176071536836,97,Indie,mino_dev,mino_dev,2132850,4,12.993186944065421
Expeditions: A MudRunner Game,2024-05-03,75673,39.99,2739562.0,17.571686825136506,55,AA,Focus Entertainment,Saber Interactive,2477340,129,36.20263502173827
The Lost Village,2024-07-04,312901,11.99,2686565.0,5.463333333333334,0,Indie,FunYoo Games,FunYoo Games,1963040,67,8.585990457045519
Stolen Realm,2024-08-03,181670,19.99,2678385.0,21.723225997502364,88,Indie,Burst2Flame Entertainment,Burst2Flame Entertainment,1330000,37,14.74313315352012
FOUNDRY,2024-02-05,97098,29.99,2465573.0,32.351466509154854,84,AAA,Paradox Interactive,Channel 3 Entertainment,983870,217,25.392623946940205
ASTRA: Knights of Veda,2024-01-04,168093,0.0,2460116.0,50.12468120096058,42,Indie,HYBE IM,FLINT,2484250,249,14.635445854378231
The Genesis Order,2024-02-04,173321,14.99,2346551.0,18.6095826363562,0,Indie,NLT Media,NLT Media,2553870,218,13.538757565442156
Killer Klowns from Outer Space: The Game,2024-04-06,64300,39.99,2314221.0,21.16766952023593,78,Indie,IllFonic Publishing,"IllFonic,Teravision Games",1556100,156,35.99099533437014
Jujutsu Kaisen Cursed Clash,2024-01-02,42729,59.99,2207967.0,11.63491680640775,55,AA,Bandai Namco Entertainment Inc.,Byking Inc.,1877020,251,51.6737344660535
Depersonalization,2024-08-08,164038,19.99,2159417.0,8.589737121444603,94,AA,Gamera Games,MeowNature,1477070,32,13.16412660481108
Taxi Life: A City Driving Simulator,2024-07-03,77813,29.99,1998591.0,8.299960397722103,56,AA,Nacon,Simteract,1351240,68,25.684538573246115
The Casting of Frank Stone™,2024-03-09,54672,39.99,1967699.0,4.249148340961347,63,AA,Behaviour Interactive Inc.,Supermassive Games,2223840,184,35.99098258706468
Drive Me Crazy,2024-12-07,5626,12.99,58736.0,6.719917339222743,74,Indie,Tenth Art Studio,wwqk Studio,2918550,-89,10.440099537859936
Star Trek Legends,2024-02-09,3937,19.99,58487.0,34.51471767361909,69,Indie,Tilting Point,Emerald City Games,2765460,213,14.855727711455422
Alice in the Nightmare Land,2024-07-06,5522,12.99,57974.0,3.1800400261125,87,Indie,OTAKU Plan,Tsukki's Tea Party,2583430,65,10.498732343353858
Dungeon Keeper Gold™,2024-07-03,30374,4.99,57919.0,9.718970792205097,95,AAA,Electronic Arts,Bullfrog Productions,1996630,68,1.9068611312306578
Leaving DNA,2024-07-03,6061,11.99,57464.0,5.139572696455877,87,Indie,The Impious Monk,The Impious Monk,2415240,68,9.480943738656988
Morimens,2024-01-08,15770,0.0,57436.540278163455,13.384947274205794,63,Indie,B.I.A.V. Studio,B.I.A.V. Studio,3052450,245,3.6421395230287543
Haunted House,2024-10-01,11008,8.99,57387.0,4.04629417359116,85,Indie,Genuine Studio,Genuine Studio,2376540,-22,5.213208575581396
Incubus Quest,2024-12-01,4931,14.99,56928.0,3.984279687862555,79,Indie,Kagura Games,SweetRaspberry,2429890,-83,11.544919894544718
Mashiroiro Symphony HD -Sana Edition-,2024-01-05,3374,29.99,56826.0,15.587132012446787,88,Indie,Shiravune,Palette,2737980,248,16.842323651452283
EXIT KUN,2024-04-02,31148,2.99,56542.0,1.6875465233684876,85,Indie,AIKUN,"IKUN&KUN,AIKUN",2781370,160,1.8152690381404906
Honeymoon : Mystery Journey,2024-04-04,6849,9.99,56018.0,1.613685089483286,86,Indie,"Mango Party,Mango Party News",Gentleman.LTD,2483970,158,8.179004234194773
Secrets of the Heartbeat,2024-07-06,13018,9.99,55727.0,2.6283030530483527,89,Indie,RainbowGame,RainbowGame,2774190,65,4.280765094484559
"Kingdom, Dungeon, and Hero",2024-01-07,2158,29.99,55543.0,13.419890616501409,84,Indie,Kraken Studios,Kraken Studios,2572400,246,25.738183503243743
COLLEGE SEX FEST 2024,2024-02-05,6723,12.99,54904.0,1.967925174231157,62,Indie,Inturo Games Inc.,Inturo Games Inc.,2842860,217,8.166592295106351
Human Farm - Practice Section,2024-08-03,10095,6.99,54805.0,2.104899164154087,86,Indie,072 Project,とっくり海月,2516590,37,5.428925210500248
YUME 4,2024-12-01,18572,4.99,54457.0,1.2250755579041477,78,Indie,Lovely Games,,2602730,-83,2.932209778160672
Sex Euphoria 💖,2024-03-02,8232,9.99,54348.0,1.6484623283506317,74,Indie,Romantic Room,Romantic Room,2740180,191,6.6020408163265305
KUNKUN Defender,2024-02-05,24898,2.99,52877.0,2.503987080889346,98,Indie,Seal,Seal,2902540,217,2.1237448791067557
BAKERU,2024-03-09,1611,39.99,52181.0,3.104794863653244,97,AA,"Spike Chunsoft Co., Ltd.","Good-Feel Co., Ltd.",2969380,184,32.39044072004966
Cricket Captain 2024,2024-06-06,1932,29.99,52146.0,34.64194315756216,71,Indie,Childish Things Ltd,Childish Things Ltd,2900670,95,26.990683229813666
The Last Alchemist,2024-12-07,3193,19.99,51994.0,5.495677661356906,82,Indie,Marvelous Europe,Vile Monarch,1536570,-89,16.28374569370498
Sophia the Traveler,2024-11-04,7069,8.99,51514.0,2.18323889731405,90,Indie,Thermite Games,Memo Gogo,1602540,-56,7.287310793605885
Hotel Business Simulator,2024-04-06,5597,12.99,51368.0,8.127616664306808,50,Indie,Midnight Games,Geekon,2738870,156,9.17777380739682
Fate and Life: The Mystery of Vaulinhorn,2024-05-04,5595,11.99,51279.0,4.576615510778872,80,Indie,Celestial Novel,Celestial Novel,2549200,128,9.16514745308311
Pixel Art Academy: Learn Mode,2024-05-08,5114,12.0,51096.0,3.4372901467593326,97,Indie,Retronator,Matej 'Retro' Jan,2330360,124,9.991396167383654
Inverted Angel,2024-05-07,9298,6.99,50253.0,5.270591232140886,90,Indie,SCIKA,SCIKA,2894960,125,5.404710690471069
My MILF Stepmom 2: Family Party💋,2024-04-04,8883,6.99,50102.0,1.854529343715712,80,Indie,DuaWolf Studio,DuaWolf,2694600,158,5.64021164021164
混沌战域,2024-09-05,19862,0.0,49428.0,6.1341746240734505,75,Indie,XQ-game,XQ-game,2936360,4,2.488571140872017
Redemption of Li Wei,2024-11-04,9601,6.99,49239.0,0.9969888684520324,54,Indie,救赎,"救赎,Avator",2873820,-56,5.128528278304343
Chushpan Simulator,2024-01-02,47089,1.99,48823.0,1.344691514321377,84,Indie,Sebasa Games,Sebasa Games,2755330,251,1.0368238866826647
Hero Emblems II,2024-05-08,4958,11.99,48495.0,11.237179230279276,57,Indie,HeatPot Games,HeatPot Games,2417940,124,9.781161758773699
Island of Penance,2024-12-04,5107,12.99,48490.0,2.679548204994835,58,Indie,Kagura Games,ONEONE1,1287130,-86,9.494811043665557
ダンジョンアーティファクト,2024-03-04,6339,9.99,48382.0,10.618725788107303,95,Indie,ExertionGame,いとこん,2144220,189,7.632434137876636
RUMBLE BLAZING,2024-02-08,2468,24.99,48303.0,2.4797438578385345,74,Indie,Nekonomeme,Nekonomeme,2827610,214,19.571717990275527
CATO: Buttered Cat,2024-05-09,5423,10.99,48270.0,2.413951122043976,99,Indie,GCORES PUBLISHING,Team Woll,1999520,123,8.900977318827218
Only Up !,2024-04-03,7742,6.99,47875.0,1.270125251308995,24,Indie,WGI GAMING,WGI GAMING,2842590,159,6.183802634978042
Pixel Noir,2024-08-02,3129,24.99,47871.0,8.461323747170796,67,Hobbyist,,SWDTech Games,754320,38,15.299137104506231
Time to Morp,2024-07-03,3073,19.99,47790.0,6.805357085340336,86,Indie,Yogscast Games,Team HalfBeard,977510,68,15.551578262284412
Sex Faculty🔞,2024-09-03,7182,9.99,46668.0,1.8866371645860305,76,Indie,BanzaiProject,BanzaiProject,2834180,6,6.4979114452798665
City Lights Love Bites Season 0 [Pilot Season],2024-12-07,27901,2.0,46602.0,0.9445049616150892,92,Indie,NaughtyOba,NaughtyOba,3011560,-89,1.670262714598043
Perfect Round Disc Golf,2024-07-03,3116,19.99,46195.0,12.957938012814404,85,Indie,Tree Branch Games,Tree Branch Games,1029570,68,14.825096277278563
Seal: WHAT the FUN,2024-03-05,4629,14.99,45723.0,41.23363340331073,92,Indie,PLAYWITH KOREA Inc.,PLAYWITH GAMES Inc.,2347910,188,9.87751134154245
"Rolling Hills: Make Sushi, Make Friends",2024-04-06,3510,14.99,45463.0,5.836771067156361,90,AA,Humble Games,"Catch & Release, LLC",1235100,156,12.952421652421652
CLeM,2024-06-02,3701,15.99,45414.0,3.490975575043364,92,Indie,Iceberg Interactive,Mango Protocol,1861440,99,12.270737638476087
Dungeon Dreams 2,2024-08-02,2784,19.99,45410.0,43.46055529505093,93,Indie,DDreams Games,DDreams Games,1843470,38,16.311063218390803
"SEX, BEACH & GIRLS ⛱ 💦",2024-10-08,8167,6.99,45074.0,2.1406784793960285,84,Indie,Taboo Tales 💘,Pocket Rocket Studio 🚀,3009830,-29,5.519040039182074
Deathbound,2024-08-08,1843,29.99,44908.0,7.426871347947235,80,Indie,Tate Multimedia,Trialforge Studio,1277130,32,24.36679327183939
Undead Inc.,2024-02-05,2610,19.99,44449.0,5.721536277943006,37,AA,Team17,Rightsized Games,2104880,217,17.030268199233717
Disco Simulator,2024-05-03,3817,14.99,44231.0,5.355468195030205,79,Indie,"Games Incubator,PlayWay S.A.","Games Incubator,Frozen Cave Studio",1226970,129,11.587896253602306
Croakoloco,2024-06-05,9864,5.99,43768.0,15.216373611874015,93,Indie,Ryan Forrester,Ryan Forrester,2628420,96,4.437145174371452
Shoulders of Giants: Ultimate,2024-12-08,2653,19.99,43600.0,4.806888108585829,90,Indie,Moving Pieces Interactive,Moving Pieces Interactive,2283880,-90,16.43422540520166
Sneak Out,2024-06-06,230771,0.0,42896.0,7.538281877465217,57,Indie,Kinguin,Kinguin Studios,2410490,95,0.18588124157714792
Splodey,2024-04-06,4765,12.99,42892.0,5.480412642885778,92,Indie,Mad Mushroom,Send It Studios,2204170,156,9.001469045120672
Escort's Secrets 18+,2024-06-01,6650,9.99,42371.0,2.715271067892765,65,Indie,BanzaiProject,BanzaiProject,2668160,100,6.3715789473684215
Kristala,2024-06-06,1748,29.99,42089.0,3.270808205157224,90,Indie,Astral Clocktower Studios,Astral Clocktower Studios,1206410,95,24.07837528604119
myPOPGOES,2024-01-08,11465,4.99,41949.0,3.964125096733567,84,Indie,Clickteam,Kane Carter,2429350,245,3.6588748364587875
Tools Up! Ultimate Edition,2024-05-01,4051,34.99,41386.0,4.194304726038506,79,Indie,Untold Tales,The Knights of Unity,2551920,131,10.216242902986917
Idle Heros,2024-01-05,18688,0.0,41269.0,74.30369938660196,85,Indie,EGAME,EGAME,1686290,248,2.2083154965753424
Mylene and the Lust temple,2024-01-02,3866,13.99,41218.0,1.414527658448737,89,Indie,072 Project,キラ☆タマ,2562550,251,10.661665804449044
Operation: Polygon Storm,2024-12-08,3786,14.99,40987.0,2.3359190909522582,80,Indie,Untold Tales,Toxic Studio,2310160,-90,10.82593766508188
Rebirth! New Lover,2024-06-08,5441,8.99,39756.0,3.3820040022280256,91,Indie,次元边界,次元边界,2803810,93,7.3067450836243335
Echocalypse: The Scarlet Covenant,2024-07-06,7701,0.0,39735.0,8.64651914648372,54,Indie,Yoozoo (Singapore) Pte. Ltd,Yoozoo (Singapore) Pte. Ltd,2917030,65,5.159719516945851
Cats Hidden Around the World,2024-09-06,10740,4.99,39527.0,2.280299730203956,97,Indie,Travellin Cats,Travellin Cats,2377970,3,3.6803538175046553
Britannia,2024-04-04,3036,24.99,39342.0,24.25514936178075,74,Indie,"PID Games,Avalon Digital",Avalon Digital,1268420,158,12.958498023715414
Snapshot VR,2024-05-04,2907,19.99,39215.0,25.527867024835096,87,Indie,Giant Scam Industries,Giant Scam Industries,1133580,128,13.48985208118335
Shanghai Summer,2024-07-02,3771,12.99,39145.0,2.7283112400338663,0,Indie,Astrolabe Games,FUTU Studio,1323830,69,10.380535666931848
Boyhood's End,2024-05-09,4394,10.99,39110.0,1.7971319180139649,86,Indie,"WSS playground,Alliance Arts","WSS playground,buriki clock",2403290,123,8.900773782430587
Touhou ~Red Empress Devil.,2024-07-03,5933,7.99,37988.0,1.1907577469879576,79,Indie,STUDIO POCO,STUDIO POCO,1734070,68,6.402831619753918
DATE A LIVE: Ren Dystopia,2024-05-09,1223,39.99,37412.0,3.649681378405073,96,Indie,Idea Factory International,"Idea Factory,Compile Heart,Sting",2627780,123,30.590351594439902
Darkness Revenge,2024-08-02,4505,9.99,37160.0,3.036385164083652,81,Indie,Hematite,Hematite,2112680,38,8.248612652608212
Real Dive World,2024-10-05,2501,19.99,36294.0,2.67005413560503,82,Indie,OTAKU Plan,TANUKIHOUSE,2337090,-26,14.511795281887245
Sid Meier's Alpha Centauri™ Planetary Pack,2024-07-03,18231,4.99,36165.0,15.234579989068529,95,AAA,Electronic Arts,Firaxis Games,2204130,68,1.9837090669738358
Master of Chess,2024-12-06,3176,14.99,36029.0,9.34233207450903,86,Indie,BRANE,BRANE,2248900,-88,11.344143576826196
Innocence Or Money | Season 2 | Episode 1,2024-10-08,9947,3.99,35719.0,1.892374217964523,75,Indie,MarcialART,MarcialART,3064420,-29,3.5909319392781742
QANGA,2024-02-09,2197,19.99,35571.0,3.25806345564814,85,Indie,iolaCorp Studio,iolaCorp Studio,1648190,213,16.190714610832956
The Cooking Game VR,2024-09-08,3127,19.99,35330.0,1.6773863133265157,72,Indie,Play Spirit Limited,Play Spirit Limited,857180,1,11.29836904381196
Top Racer Collection,2024-06-03,2184,19.99,35298.0,4.23830756740612,83,Indie,"QUByte Interactive,Piko Interactive,bleem.net",QUByte Interactive,2214000,98,16.162087912087912
CORPUS EDAX,2024-05-09,2228,19.99,35271.0,2.058410046420825,79,Indie,Luis G. Bento,Luis G. Bento,2017610,123,15.830789946140037
Ballance,2024-05-01,9412,5.99,35198.0,1.613739933077078,78,Indie,Ziggurat,Cyparade,2000770,131,3.739694007649809
Unspoken,2024-01-04,13185,2.99,34570.0,1.221261653746725,91,Indie,Weeping Studio,Weeping studio,2846290,249,2.62191884717482
Trap Yuri Garden,2024-10-06,3168,14.99,34538.0,4.174798019139268,93,Indie,"Eroge Japan,Sanuk Inc.",No Strike,2183910,-27,10.902146464646465
Retrowave World,2024-10-05,4976,9.99,34177.0,6.393304313510181,83,Indie,RewindApp,RewindApp,2413050,-26,6.868368167202572
The Night is Grey,2024-05-01,2599,15.99,34137.0,6.327124309995986,83,Indie,Whalestork Interactive,Whalestork Interactive,1281490,131,13.134667179684493
エスカレーター |  Escalator,2024-06-01,13759,2.99,34019.0,0.970338311259362,38,Indie,Toyasky,Toyasky,2738050,100,2.4724907333381787
Thalassa: Edge of the Abyss,2024-01-08,1885,19.99,33913.0,5.175897436224591,92,Indie,Team17 Digital Ltd,Sarepta Studio,1783680,245,17.990981432360744
Monster Girl Conquest Records Battle Orc,2024-09-05,3604,10.99,33040.0,2.6832910240482435,93,Indie,Shady Corner Games,mozu field,2680840,4,9.167591564927857
Dungeon Exiles,2024-07-08,3916,9.99,32913.0,8.265966155033187,77,Indie,Gronkins,Gronkins,2850100,63,8.404749744637385
Plushie from the Sky,2024-06-05,3684,11.99,32723.0,2.4452972237095225,96,Indie,fishwind,fishwind,1679510,96,8.882464712269272
Horny Suika: Wet Watermelon,2024-02-08,7860,4.99,32631.0,3.632772524791276,91,Indie,Tora Creatives,Tora Creatives,2739980,214,4.151526717557252
Nine Tereasures of Liuyin,2024-01-08,2160,18.99,32506.0,2.98226257938161,0,Indie,kingnagame,kingnagame,2949580,245,15.049074074074074
Sore wa Maichiru Sakura no You ni -Re:BIRTH-,2024-07-06,1132,39.99,32480.0,10.10257010148131,89,Indie,HIKARI FIELD,Navel,2754170,65,28.692579505300355
Wulin Chess,2024-01-02,5968,11.99,32365.0,30.11762561523791,76,Indie,East2west Games,LameCat Studio,1525410,251,5.42308981233244
Benefitship,2024-12-07,12641,2.99,32166.0,1.7604861868198556,96,Indie,RFH Games,RFH Games,2404000,-89,2.5445771695277273
Lust & Legends,2024-09-05,3127,12.99,32128.0,2.322082956917242,79,Indie,Entropy Digital Entertainment,Entropy Digital Entertainment,2899030,4,10.274384393987848
Yet Another Fantasy Title (YAFT),2024-10-04,2557,19.99,31754.0,2.8679573315310183,61,Indie,"Atomic Wolf,Games Operators",Atomic Wolf,1993450,-25,12.418459131795073
GHOSTWARE: Arena of the Dead,2024-10-06,2758,14.99,31678.0,2.716453630347715,85,Indie,Mothership Loudspeakerz,Daev Team,1893370,-27,11.485859318346629
西游-琉璃盏,2024-11-07,2563,14.99,31644.0,8.225275653716226,85,Indie,Dark Dimension,Dark Dimension,1309510,-59,12.346468981662115
Only Up: SKIBIDI TOGETHER,2024-12-07,8729,4.99,31466.0,2.364922886217591,81,Indie,"Rosa Special Studio,Grand Technology Associates","Grand Technology Associates,Rosa Special Studio",2928650,-89,3.604765723450567
希望之城 The City Of Hope,2024-04-03,5701,6.99,31464.0,13.97846301423298,71,Indie,家里蹲工作室,家里蹲工作室,2424740,159,5.519031748815997
Futanari di Funghi,2024-03-06,5273,6.99,31301.0,5.102718338234958,81,Indie,Shady Corner Games,Ahegames,2496640,187,5.936089512611416
Roommates,2024-07-02,4147,9.99,31098.0,3.815552727126738,93,Indie,Octaday,Octaday,2775110,69,7.498914878225223
SANYA,2024-01-03,2638,14.99,31003.0,1.465351068896308,75,Indie,helpnode,helpnode,1667360,250,11.752463987869598
Monster Tiles TD: Tower Wars,2024-11-02,25912,0.0,30820.0,23.330226717446127,80,Indie,Swell Games LLC,Swell Games LLC,2447060,-54,1.1894103118246373
IIslands of War,2024-10-03,3885,4.99,30192.0,11.074408043059782,87,Indie,jwiggs,jwiggs,1162470,-24,7.771428571428571
Unlucky Seven,2024-06-02,5591,7.99,30099.0,2.2119974374852376,47,Indie,"SIG Publishing,Art Games Studio S.A.",Puzzling Dream,579120,99,5.383473439456269
Scourge Of War - Remastered,2024-06-09,1747,18.99,29857.0,10.641074576383453,92,Indie,Norb Software Development LLC,Norb Software Development LLC,2205330,92,17.090440755580996
Primateria,2024-08-01,3145,11.99,29843.0,6.623460498120785,85,Indie,Surefire.Games,Yfrit Games,1397130,39,9.489030206677265
"SEX, Stocks & Cocks",2024-08-06,5320,9.99,29726.0,1.950707515099464,89,Indie,Lust Desires 🖤,Lust Desires 🖤,2983270,34,5.587593984962406
PAC-MAN Mega Tunnel Battle: Chomp Champs,2024-08-05,1717,19.99,29626.0,3.111213621333812,65,Indie,Bandai Namco Entertainment America Inc.,Amber Studio,2095950,35,17.254513686662783
Microcosmum 2,2024-02-03,2547,14.99,29539.0,8.508756292668476,62,Indie,Satur Entertainment,Satur Entertainment,1486140,219,11.597565763643502
Death Trick: Double Blind,2024-11-03,2348,15.99,29423.0,4.311320357436231,87,Indie,Neon Doctrine,Misty Mountain Studio,2254710,-55,12.531090289608176
Goons: Legends & Mayhem,2024-11-04,1982,19.99,29102.0,3.0503787045516324,89,Indie,Firestoke,RageCure Games,1484180,-56,14.683148335015137
Homeless,2024-03-08,4825,6.99,29094.0,1.0481992029999825,77,Indie,"DarkPhobia Games,Teaserplay",DarkPhobia Games,3018910,185,6.029844559585492
No Return,2024-02-08,2075,16.99,29045.0,1.6968528516564485,43,Indie,Boltray Games,BlameTech,1967220,214,13.997590361445782
Lust Mansion 🔞,2024-01-06,5215,9.99,29037.0,1.916627332247729,87,Indie,Lust Desires 🖤,Lust Desires 🖤,2936260,247,5.567976989453499
Border Bots VR,2024-08-02,1867,19.99,28685.0,2.740666435942031,88,AA,Team17,"Paw Print Games Ltd.,vTime Ltd",874440,38,15.364220674879485
Against Great Darkness,2024-10-04,5026,6.99,28579.0,4.760527244357026,95,Indie,Hitreg Studios,Hitreg Studios,2302150,-25,5.686231595702348
Akai Onna,2024-04-01,12475,2.99,28485.0,0.692439412021328,89,Indie,Yamoto,Yamoto,2674190,161,2.283366733466934
奕剑江湖,2024-06-08,63989,0.0,28044.0,10.34215016430438,85,Indie,Star-Star Studio,Star-Star Studio,2701510,93,0.4382628264232915
Mirage Feathers,2024-06-09,6859,4.99,27717.0,1.1706268898128227,100,Indie,oyasumi Workshop,oyasumi Workshop,2719060,92,4.040968071147398
DEATHWATCHERS,2024-12-07,2826,11.99,27529.0,6.492901941159936,91,Indie,SWAIN GAMES,SWAIN GAMES,2599370,-89,9.741330502477
Flying High,2024-10-05,2377,14.99,27484.0,0.8681633293180607,65,Indie,Affect3D,Affect3D,2909410,-26,11.562473706352545
Necroking,2024-04-09,6773,4.99,27369.0,3.0815895559559663,85,Indie,Alawar,KORO.GAMES,2852980,153,4.040897681972538
Captain Firehawk and the Laser Love Situation,2024-09-02,3431,9.99,27368.0,1.8602411007512127,76,Indie,Portland Caviar,Portland Caviar,2054690,7,7.976683182745555
On Dark Terms,2024-06-02,2200,7.99,27226.0,6.475462698359167,69,Indie,Dimensionless Games,Dimensionless Games,2159530,99,12.375454545454545
Saving Mrs. Hinako,2024-11-03,2478,14.99,27180.0,3.805478102347424,86,Indie,Shiravune,Studio Pork,2626240,-55,10.968523002421307
Speedway Challenge 2024,2024-01-04,18737,0.0,26579.0,17.326728582072302,71,Indie,Artur Berkowski Berobasket,Artur Berkowski Berobasket,2750960,249,1.4185301809254416
DunHero,2024-12-02,4457,7.99,26516.0,7.653905015173358,90,Indie,Dev Kacper,Dev Kacper,2270210,-84,5.949293246578416
Night Bus,2024-08-04,6008,4.99,26436.0,0.8439386307135183,89,Indie,Liquid Static Studio,Liquid Static Studio,2820800,36,4.400133155792277
Descending The Woods,2024-12-07,1876,18.99,26435.0,4.11667969946909,54,Indie,AIONWARE LTD,AIONWARE LTD,2868070,-89,14.091151385927505
ZOMBIE RAID: No One Survives,2024-12-07,1912,14.99,26312.0,7.861631492084579,56,Indie,Red Dot Studio,Red Dot Studio,688540,-89,13.761506276150628
Populous™: The Beginning,2024-07-03,13253,4.99,25991.0,7.955810905167381,90,AAA,Electronic Arts,Bullfrog Productions,2616430,68,1.9611408737644307
Beat Slayer,2024-04-04,1653,19.99,25573.0,4.566483504479899,95,Indie,"ByteRockers' Games,Paras Games",ByteRockers' Games,2089830,158,15.470659407138536
Reigns: Three Kingdoms,2024-11-01,11023,2.99,25568.0,9.394821914426831,52,AA,Devolver Digital,Nerial,2437040,-53,2.3195137439898392
Orrstead,2024-06-03,2404,12.99,25518.0,4.8784450445901175,85,Indie,IndividualKex,IndividualKex,693940,98,10.614808652246257
TRAMCITY HAKODATE,2024-04-01,1888,14.99,25471.0,2.946587843328908,100,Indie,TRAMWORKS,TRAMWORKS,2614000,161,13.490995762711865
MAOUISHO:~ La Dolce Vita with Another World's Demon Lord~,2024-09-08,1238,24.99,25454.0,2.566796088307798,91,Indie,072 Project,ボウサバG,2602770,1,20.560581583198708
KAMLA,2024-07-05,4750,7.99,25205.0,3.201889765586553,93,Indie,Mad-Mantra Games,Mad-Mantra Games,2585270,66,5.306315789473684
Haruka Ao no Hanayome ni,2024-09-08,1235,29.99,25078.0,6.674226319823847,99,Indie,HIKARI FIELD,Lump of Sugar,2947230,1,20.30607287449393
ESCAPE FROM BOYKISSER,2024-10-02,26650,1.99,25071.0,1.5818382138488385,84,Indie,akhsotoen,akhsotoen,2708280,-23,0.940750469043152
Sex Universe [18+],2024-11-05,4485,9.99,25061.0,1.3838816447480855,72,Indie,Octo Games,Octo Games,2888360,-57,5.587736900780379
Dawnsbury Days,2024-08-03,5954,4.99,24711.0,5.791491841946118,98,Indie,Dawnsbury Studios,Dawnsbury Studios,2693730,37,4.150319113201209
Skelethrone: The Chronicles of Ericona,2024-07-08,2106,14.99,24562.0,7.958073901311823,83,Indie,Valkyrie Initiative,70`Strike,2139840,63,11.66286799620133
ONE BTN BOSSES,2024-06-08,2454,11.99,24086.0,2.771675621037209,89,Indie,"Midnight Munchies,Outersloth",Midnight Munchies,1910600,93,9.814995925020375
Mareld,2024-02-05,4229,6.99,23913.0,7.149109966051024,93,Indie,Renka,Renka,2336580,217,5.654528257271222
Boldly Forward,2024-07-02,7022,3.99,23873.0,15.315030346177886,47,Indie,SmallMill,SmallMill,2758280,69,3.3997436627741386
TV Studio Story,2024-06-03,3189,8.99,23794.0,7.569713766047223,93,Indie,"Kairosoft Co.,Ltd","Kairosoft Co.,Ltd",2732020,98,7.461273126371903
Closer the Distance,2024-01-08,1414,19.99,23329.0,4.338909136652807,92,AA,Skybound Games,Osmotic Studios,1991300,245,16.498585572842998
You are Peter Shorts,2024-10-05,1872,14.99,23078.0,4.081238052224595,90,Indie,ondydev,ondydev,2352640,-26,12.327991452991453
The Corpsmen,2024-06-09,1558,19.99,23047.0,5.533476840841409,59,Indie,Multicell Games,Multicell Games,1571960,92,14.792682926829269
Wife of My Boss,2024-04-05,7011,4.99,22990.0,0.8192399888945472,67,Indie,Love Seekers,Love Seekers,2143980,157,3.279132791327913
Loopstructor,2024-07-08,5508,4.99,22701.0,6.452068776829051,87,Indie,Pone Games,Pone Games,2726870,63,4.121459694989107
Brocula,2024-09-05,1336,19.99,22581.0,2.113117699239853,51,Indie,Destroyer Doggo,Destroyer Doggo,1364740,4,16.901946107784433
ERO TRAP DUNGEON ROGUELIKE,2024-10-07,1662,14.99,22422.0,8.865400663776798,81,Indie,Ketchup AjiNo Mayonnaise,Ketchup AjiNo Mayonnaise,3016750,-28,13.490974729241877
Stigma-ARIA,2024-06-09,1621,16.99,22306.0,1.6886304185764434,85,Indie,072 Project,イシコロドウ,2710010,92,13.760641579272054
HAELE 3D - Hand Poses Lite - Drawing References,2024-03-06,1659,17.99,22288.0,8.81586618253196,94,Indie,HAELE 3D,Ige Olwen,2570230,187,13.434599156118143
鬼打墙（剧情版）,2024-05-01,3120,5.99,21939.0,2.69150452328492,76,Indie,KX GAMES,KX GAMES,2642700,131,7.031730769230769
Setteeh,2024-02-08,3282,7.99,21898.0,1.3897732481642742,80,Indie,MonsterAttack,MonsterAttack,1566450,214,6.672151127361365
Puffin Planes,2024-04-09,2371,11.99,21744.0,4.6004950243556255,97,Indie,CATINRAIN LLC,CATINRAIN LLC,2897240,153,9.170814002530578
Tales of Morrow,2024-08-03,1945,14.99,21703.0,1.6933739092815248,53,Indie,GameMechanic,GameMechanic,1783620,37,11.158354755784062
Pape Rangers,2024-09-08,6638,3.99,21651.0,7.845511818942673,79,Indie,OKJOY,Pape Game Studio,2812820,1,3.2616752033745104
XF Extreme Formula,2024-11-06,1297,19.99,21606.0,2.9671380126113203,91,Indie,Feperd Games,Feperd Games,2539910,-58,16.658442559753276
School Owner,2024-03-02,1716,19.99,21499.0,1.1578302864255443,25,Indie,Owner Games,Owner Games,946670,191,12.528554778554778
The Thaumaturge,2024-04-03,71142,34.99,1756839.0,11.232274598965626,0,AA,11 bit studios,Fool's Theory,1684350,159,24.69482162435692
BMX Streets,2024-04-04,48276,39.99,1733797.0,21.337095692495044,78,Indie,Mash Games,Mash Games,871540,158,35.914263816389095
Incursion Red River,2024-10-04,115857,16.99,1668116.0,9.613570700274808,76,Indie,Games Of Tomorrow GmbH,Games Of Tomorrow GmbH,2116120,-25,14.398059677015631
INDIKA,2024-02-05,77092,24.99,1561494.0,2.923114750999736,90,AA,11 bit studios,Odd Meter,1373960,217,20.25494214704509
Proud To Love,2024-11-03,184501,9.99,1546464.0,3.294202673527737,85,Indie,"Master Entertainment,LGD Gaming",Master Entertainment,2744150,-55,8.381873268979572
Thank Goodness You're Here!,2024-01-08,87970,19.99,1444444.0,2.189886931306963,97,Indie,Panic,Coal Supper,2366980,245,16.41973400022735
Dusk Pub,2024-12-04,127543,12.99,1419860.0,3.857830038389943,93,Indie,YellowDuckWorks,YellowDuckWorks,1974520,-86,11.132402405463255
Dominion,2024-01-02,503990,0.0,1405649.3985145492,7.017822187752444,86,Indie,Temple Gates Games,Temple Gates Games,1131620,251,2.7890422399542634
Moonbreaker,2024-01-02,58369,29.99,1367965.0,7.912012452688401,87,AAA,"KRAFTON, Inc.",Unknown Worlds Entertainment,845890,251,23.43649882643184
Touhou Danmaku Kagura Phantasia Lost,2024-07-02,57334,29.99,1330840.0,17.624067524882285,77,Indie,Alliance Arts,UnknownX,2190220,69,23.212055673771236
Gigantic: Rampage Edition,2024-09-04,83942,19.99,1330789.0,16.79592619082676,72,AA,Arc Games,Abstraction Games,1924490,5,15.853672774058278
The Bridge Curse 2: The Extrication,2024-09-05,63059,24.99,1326590.0,5.317939526297635,93,Indie,"PQube,Gamera Games",SOFTSTAR ENTERTAINMENT,2331330,4,21.037282544918252
Harry Potter: Quidditch Champions,2024-03-09,48267,29.99,1302774.0,4.726446194361001,0,AAA,Warner Bros. Games,Unbroken Studios,2878600,184,26.99098763130089
RAID: Shadow Legends,2024-09-01,72044,0.0,1293328.0,63.45711110030624,55,Indie,Plarium Global Ltd,Plarium Global Ltd,2333480,8,17.95191827216701
THE 4 SINS,2024-02-06,175634,9.99,1293189.0,3.033389442589824,24,AA,Gamera Games,奇门互娱,2128940,216,7.362976416866894
Between the Stars,2024-07-03,78295,29.99,1265895.0,7.01927402753153,77,Indie,"Isolated Games,WhisperGames",Isolated Games,727130,68,16.168273836132574
Star Trucker,2024-03-09,62290,24.99,1260811.0,5.229673762101744,76,AA,Raw Fury,Monster and Monster,2380050,184,20.240985711992295
Slapshot: Rebound,2024-11-04,965211,0.0,1250580.7988945069,10.891994725125729,84,Indie,Oddshot Games,Oddshot Games,1173370,-56,1.2956553529689434
Spirit City: Lofi Sessions,2024-08-04,140574,11.99,1217173.0,47.32413381771613,97,Indie,Mooncube Games,Mooncube Games,2113850,36,8.658592627370638
Farm Together 2,2024-07-05,68838,19.99,1188098.0,51.1003235392409,0,Indie,Milkstone Studios,Milkstone Studios,2418520,66,17.259333507655654
Slaves of Rome,2024-12-02,61190,24.99,1173275.0,8.410337305730208,68,Indie,Biggus Diccus Games,Biggus Diccus Games,1380070,-84,19.174293185160973
KinitoPET,2024-09-01,227576,5.99,1166563.0,3.2190117178611835,94,Indie,troy_en,troy_en,2075070,8,5.126037016205575
Grocery Store Simulator,2024-10-06,170125,7.99,1160637.0,10.295448229090365,95,Indie,FEKK Games,FEKK Games,2961880,-27,6.82226010286554
Farmer Against Potatoes Idle,2024-05-09,234948,0.0,1153910.9084421117,256.3350027720608,96,Indie,Oni Gaming,Oni Gaming,1535560,123,4.911345950772561
A Difficult Game About Climbing,2024-06-03,122429,9.99,1126490.0,8.13506057547006,89,Indie,Pontypants,Pontypants,2497920,98,9.201169657515784
KAKU: Ancient Seal,2024-11-07,63579,24.99,1061930.0,21.65903214357081,86,Indie,BINGOBELL,BINGOBELL,1179580,-59,16.70252756413281
Crow Country,2024-09-05,61044,19.99,1045536.0,4.780094463438322,99,Indie,SFB Games,SFB Games,1996010,4,17.127580106152937
Snufkin: Melody of Moominvalley,2024-07-03,60378,19.99,1019946.0,3.2116139517137414,98,AA,Raw Fury,Hyper Games,1808680,68,16.89267614031601
Minishoot' Adventures,2024-02-04,78535,14.99,1001962.0,7.261068882154135,98,Indie,"SoulGame Studio,IndieArk",SoulGame Studio,1634860,218,12.758158782708346
Ace Attorney Investigations Collection,2024-05-09,27151,39.99,977191.0,4.091232841920956,98,AAA,"CAPCOM Co., Ltd.","CAPCOM Co., Ltd.",2401970,123,35.99097639129314
Command & Conquer Red Alert™ 2 and Yuri’s Revenge™,2024-07-03,295759,0.0,961994.0,20.590229748847623,92,AAA,Electronic Arts,EA Los Angeles,2229850,68,3.2526279842709775
The Elder Scrolls Online: Gold Road,2024-03-06,27601,39.99,960791.0,0.0,44,AAA,Bethesda Softworks,ZeniMax Online Studios,2662630,187,34.810006883808555
MotoGP™24,2024-02-05,23431,49.99,954851.0,22.98612604105317,83,Indie,Milestone S.r.l.,Milestone S.r.l.,2581700,217,40.75161111348214
Command & Conquer™ Generals Zero Hour,2024-07-03,201644,0.0,933938.0,21.32924236144096,89,AAA,Electronic Arts,EA Los Angeles,2732960,68,4.631618099224376
Command & Conquer™ Generals,2024-07-03,90955,0.0,930800.0,11.999446787110118,85,AAA,Electronic Arts,EA Los Angeles,2229870,68,10.233632015832004
VLADiK BRUTAL,2024-09-08,92754,11.99,928429.0,4.557906694937509,89,Indie,Narko Games,Narko Games,1316680,1,10.009584492313
Momodora: Moonlit Farewell,2024-11-01,68442,16.99,927493.0,6.473380892880699,92,AA,PLAYISM,Bombservice,1747760,-53,13.551518073697437
Command & Conquer™ Tiberian Sun™ and Firestorm™,2024-07-03,65809,0.0,926924.0,12.28339307326484,91,AAA,Electronic Arts,EA Los Angeles,2229880,68,14.085064352900059
Command & Conquer Renegade™,2024-07-03,26120,0.0,921771.0,7.841912941894338,86,AAA,Electronic Arts,EA Los Angeles,2229890,68,35.289854517611026
Command & Conquer™ and The Covert Operations™,2024-07-03,21266,0.0,921760.0,8.588419156625173,82,AAA,Electronic Arts,EA Los Angeles,2229830,68,43.344305464121135
"Command & Conquer Red Alert™, Counterstrike™ and The Aftermath™",2024-07-03,26292,0.0,920024.0,10.27607539673983,86,AAA,Electronic Arts,EA Los Angeles,2229840,68,34.99254526091587
Anger Foot,2024-11-07,40294,24.99,906252.0,5.627084715285352,93,AA,Devolver Digital,Free Lives,1978590,-59,22.49099121457289
Boxes: Lost Fragments,2024-01-02,68169,14.99,900796.0,4.149034995582672,91,Indie,Snapbreak,Big Loop Studios,2019810,251,13.214158928545233
Instruments of Destruction,2024-10-05,55717,19.99,874462.0,8.518788291074912,94,Indie,Radiangames,Radiangames,1428100,-26,15.69470718093221
Shogun Showdown,2024-05-09,103097,14.99,871956.0,14.709804691305951,97,Indie,"Goblinz Publishing,Gamera Games",Roboatino,2084000,123,8.457627283044124
Cryptmaster,2024-09-05,40489,24.99,845758.0,5.6746313405080935,96,Indie,Akupara Games,"Paul Hart,Lee Williams,Akupara Games",1885110,4,20.88858702363605
Cat Quest III,2024-08-08,50873,19.99,836331.0,5.897890979303593,0,Indie,Kepler Interactive,The Gentlebros,2305840,32,16.439584848544413
Knock on the Coffin Lid,2024-08-08,49983,24.99,824669.0,36.13476474169297,85,Indie,RedBoon,RedBoon,1232580,32,16.498989656483204
Spell Disk,2024-01-03,65281,14.99,812211.0,11.116959666409018,88,Indie,Sunpeak Games,Sunpeak Games,2292060,250,12.441767129792742
Dungeons & Degenerate Gamblers,2024-08-08,65164,14.99,806583.0,8.091559584377128,75,Indie,Yogscast Games,Purple Moss Collectors,2400510,32,12.377739242526548
WE ARE FOOTBALL 2024,2024-04-03,25210,39.99,779187.0,51.034166549407374,82,Indie,"HandyGames,THQ Nordic",Winning Streak Games,1951410,159,30.907854026180086
Fate/stay night REMASTERED,2024-07-08,31040,29.99,764069.0,12.432516197496774,95,Indie,Aniplex Inc.,"TYPE-MOON,fuzz Inc.",2396980,63,24.615625
Cyber Manhunt 2: New World - The Hacking Simulator,2024-09-05,91066,9.99,763279.0,5.428407888662228,92,Indie,Spiral Up Games,Aluba Studio,2421410,4,8.381602354336415
Prince of Persia The Lost Crown,2024-08-08,32997,39.99,743441.0,12.309219921885283,78,AAA,Ubisoft,Ubisoft Montpellier,2751000,32,22.53056338455011
Starcom: Unknown Space,2024-02-09,38592,24.99,720375.0,18.31690218752013,91,Indie,"Wx3 Labs, LLC","Wx3 Labs, LLC",1750770,213,18.66643345771144
Pro Cycling Manager 2024,2024-06-06,19951,39.99,709826.0,40.09035924723011,65,AA,Nacon,Cyanide Studio,2494350,95,35.57846724474964
Ale & Tale Tavern,2024-05-09,58289,14.99,707686.0,3.760395364186901,86,Indie,"GrabTheGames,UpgradePoint",Scienart Games,2683150,123,12.140987150234178
Ultimate General: American Revolution,2024-06-06,16607,49.99,705648.0,25.63686490370842,76,Indie,Game-Labs,Game-Labs,1901910,95,42.490997772023846
Lotus Lantern: Rescue Mother,2024-11-04,84001,9.99,684821.0,6.675683909404666,80,Indie,Plaisir Games,Unstable Games,2319030,-56,8.152533898405972
War Hospital,2024-11-01,27672,29.99,673600.0,12.325651287457022,60,AA,Nacon,Brave Lamb Studio S.A.,1553000,-53,24.34229546111593
Classified: France '44,2024-05-03,23879,49.99,670774.0,17.692649262011187,82,AA,Team17,Absolutely Games,2085370,129,28.09053980484945
Car Manufacture,2024-01-08,40273,19.99,668524.0,10.74006526210832,80,AA,PlayWay S.A.,STEREO GAMES S.A.,983380,245,16.59980632185335
Cluckmech Oasis,2024-09-05,77537,9.99,649091.0,22.85835077991378,87,Indie,Mammorize,BlackLight,2453360,4,8.371371087351845
Beer Factory,2024-10-01,40391,18.99,648123.0,8.18082594869134,52,Indie,"CreativeForge Games,PlayWay S.A.",AKEL,1782570,-22,16.046223168527643
Steps of Debauchery,2024-05-02,49713,14.99,646945.0,6.193347100644998,0,Indie,FooxiedGames,FooxiedGames,2649970,130,13.013598052823205
Laysara: Summit Kingdom,2024-10-04,37722,19.99,602187.0,8.358782444731016,84,Indie,"Future Friends Games,Quite OK Games",Quite OK Games,1823950,-25,15.963814219818673
Arms Trade Tycoon: Tanks,2024-06-02,22152,29.99,601167.0,10.179553939681757,74,Indie,MicroProse Software,FunGi,1662210,99,27.138271939328277
Hospital 666,2024-05-03,102445,7.99,596521.0,2.5738297964679915,72,Indie,Lokin,Lokin,2774380,129,5.822841524720582
Supermarket Together,2024-09-08,2085116,0.0,554295.9124042441,6.334958879516334,0,Indie,DeadDevsTellNoLies,DeadDevsTellNoLies,2709570,1,0.26583456863035154
SteamWorld Heist II,2024-08-08,21930,29.99,552082.0,15.884763355350692,96,Indie,Thunderful Publishing,Thunderful Development,2396240,32,25.17473780209758
Autopsy Simulator,2024-06-06,25263,24.99,548556.0,3.5028611346440464,45,Indie,Team17 Digital Ltd,Woodland Games,1283230,95,21.713810711316945
Spectre Divide,2024-03-09,584912,0.0,515874.0,3.7906067463564392,53,Indie,Mountaintop Studios,Mountaintop Studios,2641470,184,0.8819685696309872
SpellRogue,2024-12-02,38313,15.99,504572.0,22.424010541240484,0,Indie,Ghost Ship Publishing,Guidelight Games,1990110,-84,13.169733510818782
SILENT BREATH,2024-05-04,55920,9.99,478886.0,1.253684919186634,70,Indie,EXODIAC STUDIOS,EXODIAC STUDIOS,2796180,128,8.563769670958512
Romantic Escapades,2024-02-08,27493,19.99,478599.0,4.777122589943246,89,Indie,Salamander Interactive,Salamander Interactive,2897760,214,17.40803113519805
Loop Queen-Escape Dungeon 3,2024-08-01,28946,19.99,469651.0,5.51790199892241,84,Indie,"Hide Games,PlayMeow",Hide Games,1950450,39,16.225074276238512
Anonymous Hacker Simulator,2024-03-04,30891,19.99,469375.0,7.376180049745447,86,Indie,"G-DEVS.com,CreativeForge Games",Sicarius,2487060,189,15.194555048395973
Dream Engines: Nomad Cities,2024-09-05,23463,29.99,458980.0,24.13013396183912,75,Indie,"Suncrash,Gamera Games",Suncrash,1076750,4,19.561863359331713
SUMMERHOUSE,2024-08-03,124989,4.99,457163.0,2.329047690339736,95,Indie,Future Friends Games,Friedemann,2533960,37,3.6576258710766547
Self Defense Dojo,2024-11-04,49053,10.99,454488.0,9.62940872357666,87,Indie,WAKUWAKU,WAKUWAKU,2534120,-56,9.265243715980674
失业了，我获得了亿万游戏财产！,2024-08-08,41154,12.99,442047.0,5.434507313639457,0,Indie,Bolingogames,Bolingogames,2875140,32,10.741288817611897
Guardians of Eden-Embrace of the Forest,2024-07-03,47876,10.99,440759.0,3.4102798584792144,93,Indie,"Mango Party,Mango Party News",Black Cat Entertainment,2672430,68,9.206262010192999
Touhou Hero of Ice Fairy,2024-03-04,113539,6.99,426279.0,7.463627015339362,98,Indie,GAMEPULSE 游戏脉冲,GAMEPULSE 游戏脉冲,1955830,189,3.7544720316367064
River Town Factory,2024-06-02,49851,14.99,422423.0,22.97850275057128,91,Indie,"iFAction Studio,BD Games",iFAction Studio,2281410,99,8.473711660749032
Enishia and the Binding Brand,2024-10-05,36535,14.99,420150.0,8.334240655135321,89,Indie,Kagura Games,Shimobashira Workshop,2582650,-26,11.49993157246476
TRIBES 3: Rivals,2024-12-03,25090,19.99,409596.0,23.34107405843711,73,Indie,Prophecy Games,Prophecy Games,2687970,-85,16.325069748903946
Children of the Sun,2024-09-04,29898,14.99,405492.0,2.7145806764945544,94,AA,Devolver Digital,René Rother,1309950,5,13.562512542644994
Contra: Operation Galuga,2024-12-03,12497,39.99,398126.0,8.399051408132877,87,AA,KONAMI,WayForward,2235020,-85,31.857725854205007
LoveCraft,2024-09-04,17668,0.0,382551.0,61.80570131947321,79,Indie,WEALTHBIRD,WEALTHBIRD,2692440,5,21.652196060674665
Garten of Banban 7,2024-10-05,42078,9.99,378109.0,4.023750790547608,83,Indie,Euphoric Brothers,Euphoric Brothers,2693060,-26,8.985907124863349
Withering Rooms,2024-05-04,17777,24.99,373115.0,18.018266950413388,98,Indie,Perp Games,Moonless Formless,2006140,128,20.988637002868874
Sketchy's Contract,2024-09-04,51018,8.99,367697.0,10.275375648935109,83,Indie,Dimensionless Games,Dimensionless Games,2823080,5,7.207201379905132
Realms Of Bondage,2024-11-04,26401,14.99,346056.0,5.603960071763862,97,Indie,Pink Tea,Pink Tea,2353700,-56,13.10768531495019
No Plan B,2024-03-04,28877,14.99,340655.0,13.046670351591878,91,Indie,GFX47,GFX47,1269020,189,11.79675866606642
1000xRESIST,2024-09-05,19741,19.99,334157.0,6.69160734978218,97,Indie,Fellow Traveller,sunset visitor 斜陽過客,1675830,4,16.927055367002684
9 Days,2024-08-03,24560,14.99,331338.0,10.927570712807812,62,Indie,MVR,MVR,2075720,37,13.490960912052117
Goblin Stone,2024-12-03,16012,24.99,329360.0,23.564467837801327,55,Indie,Orc Chop Games,Orc Chop Games,1521970,-85,20.56957282038471
Headquarters: World War II,2024-11-04,10073,39.99,328150.0,17.039335573177947,78,AA,Slitherine Ltd.,Starni Games,1840800,-56,32.577186538270624
Immortal Family,2024-11-07,37184,13.99,327846.0,20.283770415253127,56,Indie,方块游戏(CubeGame),一起来修仙工作室,2013240,-59,8.816856712564544
Sinister Night 2,2024-03-04,37602,9.99,327297.0,60.02804119836794,82,Indie,Bug Inventors,Bug Inventors,2761670,189,8.704244455082177
Alex Jones: NWO Wars,2024-03-01,20806,17.76,323316.0,1.3669062849562543,94,Indie,NWO Wars Team,NWO Wars Team,2487350,192,15.539555897337307
Pathless Woods,2024-02-04,24230,19.99,318984.0,31.74362012573788,77,Indie,AniYa Games Studio,AniYa Games Studio,1726130,218,13.164836978951712
Sons of Valhalla,2024-05-04,19088,19.99,316497.0,4.631982260827467,65,AA,Hooded Horse,Pixel Chest,1409830,128,16.580940905280805
Reign of Guilds,2024-04-04,9654,39.99,312155.0,49.44438001420057,70,Indie,Atlant Games ltd,Atlant Games ltd,716350,158,32.334265589393
Sacred X：Heavens Wonderland,2024-09-05,33358,0.0,311127.0,15.218051665922731,77,Indie,Sacred X：Heavens Wonderland,Sacred X：Heavens Wonderland,2857890,4,9.32690808801487
Songs of Silence,2024-04-06,9658,39.99,310683.0,8.54394550155806,0,Indie,"Chimera Entertainment,H2 Interactive (Korea and Japan)",Chimera Entertainment,2195410,156,32.16846137916753
Northend Tower Defense,2024-04-09,64646,7.99,308936.0,4.689085364892894,82,Indie,"Northend Games,Gamersky Games",Northend Games,1669170,153,4.778888098258206
反转21克,2024-01-02,46368,8.99,294934.0,11.705099196192378,76,Indie,想象颗粒,想象颗粒,2685620,251,6.3607229123533475
The Saboteur™,2024-07-03,53376,9.99,290153.0,12.83074271799272,92,AAA,Electronic Arts,Pandemic Studios,24880,68,5.436019934052758
New Star GP,2024-07-03,16009,29.99,286736.0,8.869371110870562,0,Indie,Five Aces Publishing Ltd.,New Star Games Ltd.,2217580,68,17.910925104628646
Factory Town Idle,2024-08-01,74350,4.99,284695.0,39.89461498709381,91,Indie,Erik Asmussen,Erik Asmussen,2207490,39,3.829119031607263
Our Adventurer Guild,2024-12-04,23699,14.99,284501.0,39.46176078042124,100,Indie,GreenGuy,GreenGuy,2026000,-86,12.004768133676526
Fantasy Map Simulator,2024-04-09,43880,7.99,283947.0,2.402464122744893,0,Indie,The Stranger,The Stranger,3035500,153,6.470989061075661
That Time I Got Reincarnated as a Slime ISEKAI Chronicles,2024-07-08,6298,49.99,283353.0,8.587601388172795,50,AA,Bandai Namco Entertainment Inc.,"ZOC Co.,Ltd.",2197680,63,44.99094950778025
LoveXLust,2024-06-09,10749,34.99,280098.0,1.939318005493168,72,Indie,CTM,CTM,2647060,92,26.058051911805748
My Recycling Center,2024-01-02,20320,14.99,279126.0,16.77815428837053,0,Indie,Darius Bode,Darius Bode,2613060,251,13.736515748031495
Revival: Recolonization,2024-11-04,11698,29.99,274280.0,7.034563470064829,84,Indie,HeroCraft PC,HeroCraft PC,1306770,-56,23.446743032997095
Anomaly Collapse,2024-11-04,16403,19.99,272494.0,14.25436172637584,84,Indie,RocketPunch Games,RocketPunch Games,2082410,-56,16.61244894226666
My Island,2024-01-05,42250,14.99,271974.0,6.532271264036645,68,Indie,SnowBaby Games,SnowBaby Games,1004270,248,6.437254437869822
Sixty Four,2024-04-03,50062,5.99,267621.0,18.30170091618245,0,Indie,Playsaurus,Oleg Danilov,2659900,159,5.3457912188885786
Dice Kingdoms,2024-05-04,20598,14.99,264059.0,12.996371134038808,89,Indie,Fivemid Studio,Fivemid Studio,1501690,128,12.819642683755704
HELLDIVERS™ 2,2024-08-02,11905198,39.99,435635596.0,39.2059601690564,71,AAA,PlayStation Publishing LLC,Arrowhead Game Studios,553850,38,36.592049624038175
V Rising,2024-08-05,4784609,34.99,83614738.0,32.69529338148719,0,AA,Stunlock Studios,Stunlock Studios,1604030,35,17.47577241943908
Hades II,2024-06-05,1582696,29.99,42718547.0,22.847145780597383,0,AA,Supergiant Games,Supergiant Games,1145350,96,26.990999534970708
Persona 3 Reload,2024-01-02,612576,69.99,34601865.0,35.384946285028754,95,AA,SEGA,ATLUS,2161700,251,56.48583196207491
Once Human,2024-09-07,5709407,0.0,34530561.0,42.261045196968674,72,Indie,Starry Studio,Starry Studio,2139460,2,6.048011816288452
The Outlast Trials,2024-05-03,1230011,39.99,30878209.0,24.44136754786277,94,AA,Red Barrels,Red Barrels,1304930,129,25.104010451939047
The Planet Crafter,2024-10-04,1381487,23.99,21286732.0,28.17299459798124,97,Indie,Miju Games,Miju Games,1284190,-25,15.408564829057385
Bodycam,2024-07-06,632326,33.32,17732078.0,8.028879614183062,74,Indie,Reissad Studio,Reissad Studio,2406770,65,28.04262042047931
Firestone: Online Idle RPG,2024-01-04,335093,0.0,15689364.148647271,296.3328524525871,79,Indie,Holyday Studios,Holyday Studios,1013320,249,46.82092478400704
NBA 2K25,2024-03-09,171817,69.99,10822924.0,9.623975638287607,47,AAA,2K,Visual Concepts,2878980,184,62.99099623436563
Summoners War,2024-07-01,540801,0.0,10787342.0,112.85633956732288,0,Indie,Com2uS,Com2uS,2426960,70,19.94697125190227
Abiotic Factor,2024-02-05,520841,24.99,10501115.0,18.452732943062458,96,Indie,Playstack,Deep Field Games,427410,217,20.161844017656062
Suicide Squad: Kill the Justice League,2024-02-02,174510,69.99,9602451.0,15.856901582942724,72,AAA,Warner Bros. Games,Rocksteady Studios,315210,220,55.02521918514698
Content Warning,2024-01-04,1448054,7.99,9426045.0,8.945764643641505,95,AA,Landfall,"thePetHen,Skog,Zorro,Wilnyl,Philip",2881650,249,6.509456829648618
UBOAT,2024-02-08,600124,29.99,9013215.0,31.07835947660008,82,AA,PlayWay S.A.,Deep Water Studio,494840,214,15.018921089641474
Infection Free Zone,2024-11-04,452146,24.99,8739530.0,14.494431536608284,73,Indie,Games Operators,Jutsu Games,1465460,-56,19.32899992480305
Dark and Darker,2024-07-06,2640903,0.0,8706135.0,31.97402719520565,74,Indie,IRONMACE,IRONMACE,2016590,65,3.296650804667949
